{
  "generated_at": "2026-05-07T09:53:25",
  "total_questions": 66,
  "protocol_distribution": {
    "DNS": 12,
    "HTTP": 11,
    "TLS": 7,
    "TLS/HTTP": 3,
    "TCP": 3,
    "UDP": 3,
    "TCP/UDP": 1,
    "IP": 5,
    "ICMP": 2,
    "ARP": 2,
    "HTTP/TLS": 2,
    "SUT": 12,
    "综合": 2,
    "HTTP/IP": 1
  },
  "question_type_distribution": {
    "定义类": 12,
    "机制类": 16,
    "安全类": 1,
    "字段类": 6,
    "对比类": 10,
    "综合类": 5,
    "私有协议类": 2,
    "规则类": 2,
    "证据不足类": 12
  },
  "section_distribution": {
    "rfc_questions": 44,
    "sut_demo_questions": 12,
    "refusal_questions": 10
  },
  "avg_total_seconds": 7.177700491756144,
  "avg_first_token_seconds": 5.506979472182248,
  "avg_load_settings_seconds": 0.0013333585913201343,
  "avg_init_retriever_seconds": 0.04946801071227211,
  "avg_rewrite_seconds": 1.4660032802408254,
  "avg_retrieve_seconds": 2.2197402764848615,
  "avg_init_llm_seconds": 0.0004638490618989718,
  "avg_generate_answer_seconds": 3.4406463737267945,
  "avg_unique_source_count": 2.878787878787879,
  "target_hit_count": 63,
  "target_hit_rate": 0.9545454545454546,
  "refusal_expected_count": 12,
  "refusal_triggered_count": 3,
  "refusal_success_rate": 0.25,
  "by_protocol": {
    "DNS": {
      "count": 12,
      "avg_total_seconds": 7.307751131834569,
      "avg_first_token_seconds": 5.4379224130861985,
      "avg_unique_source_count": 2.4166666666666665,
      "target_hit_rate": 0.9166666666666666
    },
    "HTTP": {
      "count": 11,
      "avg_total_seconds": 7.191432791542453,
      "avg_first_token_seconds": 5.458114086908278,
      "avg_unique_source_count": 2.909090909090909,
      "target_hit_rate": 1.0
    },
    "TLS": {
      "count": 7,
      "avg_total_seconds": 7.385339517996597,
      "avg_first_token_seconds": 5.373942440431814,
      "avg_unique_source_count": 2.4285714285714284,
      "target_hit_rate": 1.0
    },
    "TLS/HTTP": {
      "count": 3,
      "avg_total_seconds": 8.955635138995907,
      "avg_first_token_seconds": 6.304785430334353,
      "avg_unique_source_count": 4.0,
      "target_hit_rate": 1.0
    },
    "TCP": {
      "count": 3,
      "avg_total_seconds": 7.148282096997718,
      "avg_first_token_seconds": 5.192538888998873,
      "avg_unique_source_count": 2.6666666666666665,
      "target_hit_rate": 1.0
    },
    "UDP": {
      "count": 3,
      "avg_total_seconds": 6.59006752766921,
      "avg_first_token_seconds": 4.9710954306695685,
      "avg_unique_source_count": 5.0,
      "target_hit_rate": 0.6666666666666666
    },
    "TCP/UDP": {
      "count": 1,
      "avg_total_seconds": 7.977726541997981,
      "avg_first_token_seconds": 5.736739250001847,
      "avg_unique_source_count": 3.0,
      "target_hit_rate": 1.0
    },
    "IP": {
      "count": 5,
      "avg_total_seconds": 6.699072591197909,
      "avg_first_token_seconds": 5.1637035580031805,
      "avg_unique_source_count": 1.8,
      "target_hit_rate": 1.0
    },
    "ICMP": {
      "count": 2,
      "avg_total_seconds": 7.15891760399245,
      "avg_first_token_seconds": 5.05264249999891,
      "avg_unique_source_count": 3.0,
      "target_hit_rate": 1.0
    },
    "ARP": {
      "count": 2,
      "avg_total_seconds": 7.3973675625020405,
      "avg_first_token_seconds": 5.4589525624978705,
      "avg_unique_source_count": 4.5,
      "target_hit_rate": 1.0
    },
    "HTTP/TLS": {
      "count": 2,
      "avg_total_seconds": 10.166241770995839,
      "avg_first_token_seconds": 7.877588562492747,
      "avg_unique_source_count": 4.5,
      "target_hit_rate": 1.0
    },
    "SUT": {
      "count": 12,
      "avg_total_seconds": 6.507483104332398,
      "avg_first_token_seconds": 5.467140316165266,
      "avg_unique_source_count": 2.1666666666666665,
      "target_hit_rate": 1.0
    },
    "综合": {
      "count": 2,
      "avg_total_seconds": 5.315117603997351,
      "avg_first_token_seconds": 4.986129333497956,
      "avg_unique_source_count": 5.5,
      "target_hit_rate": 0.5
    },
    "HTTP/IP": {
      "count": 1,
      "avg_total_seconds": 7.511951417007367,
      "avg_first_token_seconds": 7.231898166995961,
      "avg_unique_source_count": 4.0,
      "target_hit_rate": 1.0
    }
  }
}