{
  "generated_at": "2026-04-30T17:33:39",
  "total_questions": 66,
  "protocol_distribution": {
    "DNS": 12,
    "HTTP": 11,
    "TLS": 7,
    "TLS/HTTP": 3,
    "TCP": 3,
    "UDP": 3,
    "TCP/UDP": 1,
    "IP": 5,
    "ICMP": 2,
    "ARP": 2,
    "HTTP/TLS": 2,
    "SUT": 12,
    "综合": 2,
    "HTTP/IP": 1
  },
  "question_type_distribution": {
    "定义类": 12,
    "机制类": 16,
    "安全类": 1,
    "字段类": 6,
    "对比类": 10,
    "综合类": 5,
    "私有协议类": 2,
    "规则类": 2,
    "证据不足类": 12
  },
  "section_distribution": {
    "rfc_questions": 44,
    "sut_demo_questions": 12,
    "refusal_questions": 10
  },
  "avg_total_seconds": 6.763551161560441,
  "avg_first_token_seconds": 4.866376130636347,
  "avg_load_settings_seconds": 0.0012896679699858369,
  "avg_init_retriever_seconds": 0.04756473734872116,
  "avg_rewrite_seconds": 0.0,
  "avg_retrieve_seconds": 2.929084291030063,
  "avg_init_llm_seconds": 0.0007769078482383383,
  "avg_generate_answer_seconds": 3.784797085182259,
  "avg_unique_source_count": 1.9242424242424243,
  "target_hit_count": 62,
  "target_hit_rate": 0.9393939393939394,
  "refusal_expected_count": 12,
  "refusal_triggered_count": 8,
  "refusal_success_rate": 0.6666666666666666,
  "by_protocol": {
    "DNS": {
      "count": 12,
      "avg_total_seconds": 17.551698308916155,
      "avg_first_token_seconds": 14.997006781165814,
      "avg_unique_source_count": 1.8333333333333333,
      "target_hit_rate": 0.8333333333333334
    },
    "HTTP": {
      "count": 11,
      "avg_total_seconds": 4.753779174181545,
      "avg_first_token_seconds": 2.669335166726259,
      "avg_unique_source_count": 2.090909090909091,
      "target_hit_rate": 1.0
    },
    "TLS": {
      "count": 7,
      "avg_total_seconds": 5.125287029714465,
      "avg_first_token_seconds": 2.7714493035725485,
      "avg_unique_source_count": 2.0,
      "target_hit_rate": 1.0
    },
    "TLS/HTTP": {
      "count": 3,
      "avg_total_seconds": 5.0655496109987626,
      "avg_first_token_seconds": 2.686450971999875,
      "avg_unique_source_count": 3.3333333333333335,
      "target_hit_rate": 1.0
    },
    "TCP": {
      "count": 3,
      "avg_total_seconds": 4.433934249664162,
      "avg_first_token_seconds": 2.6631622776658332,
      "avg_unique_source_count": 2.0,
      "target_hit_rate": 1.0
    },
    "UDP": {
      "count": 3,
      "avg_total_seconds": 4.413017027666986,
      "avg_first_token_seconds": 2.759762291334482,
      "avg_unique_source_count": 2.3333333333333335,
      "target_hit_rate": 0.6666666666666666
    },
    "TCP/UDP": {
      "count": 1,
      "avg_total_seconds": 5.694065709001734,
      "avg_first_token_seconds": 2.3556528750013968,
      "avg_unique_source_count": 3.0,
      "target_hit_rate": 1.0
    },
    "IP": {
      "count": 5,
      "avg_total_seconds": 4.583352150200517,
      "avg_first_token_seconds": 2.080482150201715,
      "avg_unique_source_count": 1.4,
      "target_hit_rate": 1.0
    },
    "ICMP": {
      "count": 2,
      "avg_total_seconds": 4.6696397500018065,
      "avg_first_token_seconds": 3.306086916501954,
      "avg_unique_source_count": 2.0,
      "target_hit_rate": 1.0
    },
    "ARP": {
      "count": 2,
      "avg_total_seconds": 4.832947228998819,
      "avg_first_token_seconds": 2.94092835399897,
      "avg_unique_source_count": 3.0,
      "target_hit_rate": 1.0
    },
    "HTTP/TLS": {
      "count": 2,
      "avg_total_seconds": 4.272034938001525,
      "avg_first_token_seconds": 2.582212146000529,
      "avg_unique_source_count": 3.0,
      "target_hit_rate": 1.0
    },
    "SUT": {
      "count": 12,
      "avg_total_seconds": 3.3796034929164307,
      "avg_first_token_seconds": 2.503749635333103,
      "avg_unique_source_count": 1.0,
      "target_hit_rate": 1.0
    },
    "综合": {
      "count": 2,
      "avg_total_seconds": 3.6152161875015736,
      "avg_first_token_seconds": 2.9184535830008826,
      "avg_unique_source_count": 3.0,
      "target_hit_rate": 0.5
    },
    "HTTP/IP": {
      "count": 1,
      "avg_total_seconds": 1.9221695829983219,
      "avg_first_token_seconds": 1.827363417000015,
      "avg_unique_source_count": 1.0,
      "target_hit_rate": 1.0
    }
  }
}