{
  "generated_at": "2026-04-30T23:18:10",
  "total_questions": 66,
  "protocol_distribution": {
    "DNS": 12,
    "HTTP": 11,
    "TLS": 7,
    "TLS/HTTP": 3,
    "TCP": 3,
    "UDP": 3,
    "TCP/UDP": 1,
    "IP": 5,
    "ICMP": 2,
    "ARP": 2,
    "HTTP/TLS": 2,
    "SUT": 12,
    "综合": 2,
    "HTTP/IP": 1
  },
  "question_type_distribution": {
    "定义类": 12,
    "机制类": 16,
    "安全类": 1,
    "字段类": 6,
    "对比类": 10,
    "综合类": 5,
    "私有协议类": 2,
    "规则类": 2,
    "证据不足类": 12
  },
  "section_distribution": {
    "rfc_questions": 44,
    "sut_demo_questions": 12,
    "refusal_questions": 10
  },
  "avg_total_seconds": 10.04945623619664,
  "avg_first_token_seconds": 7.28716700819683,
  "avg_load_settings_seconds": 0.001650239893603033,
  "avg_init_retriever_seconds": 0.05265030307529025,
  "avg_rewrite_seconds": 1.612176248681587,
  "avg_retrieve_seconds": 3.685881930621029,
  "avg_init_llm_seconds": 0.0006136495907081884,
  "avg_generate_answer_seconds": 4.696419866802458,
  "avg_unique_source_count": 2.5606060606060606,
  "target_hit_count": 64,
  "target_hit_rate": 0.9696969696969697,
  "refusal_expected_count": 12,
  "refusal_triggered_count": 7,
  "refusal_success_rate": 0.5833333333333334,
  "by_protocol": {
    "DNS": {
      "count": 12,
      "avg_total_seconds": 10.224796038250133,
      "avg_first_token_seconds": 7.613543083334055,
      "avg_unique_source_count": 2.3333333333333335,
      "target_hit_rate": 1.0
    },
    "HTTP": {
      "count": 11,
      "avg_total_seconds": 11.685364515090027,
      "avg_first_token_seconds": 8.23633181054505,
      "avg_unique_source_count": 2.3636363636363638,
      "target_hit_rate": 1.0
    },
    "TLS": {
      "count": 7,
      "avg_total_seconds": 8.601060315428185,
      "avg_first_token_seconds": 5.8849587619978205,
      "avg_unique_source_count": 2.5714285714285716,
      "target_hit_rate": 1.0
    },
    "TLS/HTTP": {
      "count": 3,
      "avg_total_seconds": 9.466618402999302,
      "avg_first_token_seconds": 5.7777663890010444,
      "avg_unique_source_count": 4.333333333333333,
      "target_hit_rate": 1.0
    },
    "TCP": {
      "count": 3,
      "avg_total_seconds": 9.727161278002313,
      "avg_first_token_seconds": 7.224137041669262,
      "avg_unique_source_count": 2.6666666666666665,
      "target_hit_rate": 1.0
    },
    "UDP": {
      "count": 3,
      "avg_total_seconds": 9.095851611331454,
      "avg_first_token_seconds": 5.644943569665581,
      "avg_unique_source_count": 5.0,
      "target_hit_rate": 0.6666666666666666
    },
    "TCP/UDP": {
      "count": 1,
      "avg_total_seconds": 15.114385333996324,
      "avg_first_token_seconds": 6.724392666998028,
      "avg_unique_source_count": 3.0,
      "target_hit_rate": 1.0
    },
    "IP": {
      "count": 5,
      "avg_total_seconds": 11.176264525401347,
      "avg_first_token_seconds": 7.660928691801383,
      "avg_unique_source_count": 1.6,
      "target_hit_rate": 1.0
    },
    "ICMP": {
      "count": 2,
      "avg_total_seconds": 10.065585812495556,
      "avg_first_token_seconds": 6.909731853997073,
      "avg_unique_source_count": 3.0,
      "target_hit_rate": 1.0
    },
    "ARP": {
      "count": 2,
      "avg_total_seconds": 7.743683104497904,
      "avg_first_token_seconds": 5.949022041997523,
      "avg_unique_source_count": 5.0,
      "target_hit_rate": 1.0
    },
    "HTTP/TLS": {
      "count": 2,
      "avg_total_seconds": 8.79753839550176,
      "avg_first_token_seconds": 6.43607341650204,
      "avg_unique_source_count": 3.5,
      "target_hit_rate": 1.0
    },
    "SUT": {
      "count": 12,
      "avg_total_seconds": 10.289733777833439,
      "avg_first_token_seconds": 8.405735562333575,
      "avg_unique_source_count": 1.0,
      "target_hit_rate": 1.0
    },
    "综合": {
      "count": 2,
      "avg_total_seconds": 7.12492997949812,
      "avg_first_token_seconds": 6.177830145497865,
      "avg_unique_source_count": 5.5,
      "target_hit_rate": 0.5
    },
    "HTTP/IP": {
      "count": 1,
      "avg_total_seconds": 5.015245499998855,
      "avg_first_token_seconds": 5.0124254999973346,
      "avg_unique_source_count": 4.0,
      "target_hit_rate": 1.0
    }
  }
}